Peter_1,Dansk,Mogens Blisdorf,20,2,Incomplete,www.website.com/profile/Peter_1
Peter_1,English,Trine Haremose,10,2,Incomplete,www.website.com/profile/Peter_1
Helga_2,Dansk,Mogens Blisdorf,20,2,Incomplete,www.website.com/profile/Helga_2
Helga_3,English,Trine Haremose,10,2,Incomplete,www.website.com/profile/Helga_3
Peter_4,Math,Steen Brandt,15,1,Incomplete,www.website.com/profile/Peter_4
Hans_6,Dansk,Mogens Blisdorf,20,2,Incomplete,www.website.com/profile/Hans_6
Hans_6,English,Trine Haremose,10,2,Incomplete,www.website.com/profile/Hans_6
Helga_7,Math,Steen Brandt,15,1,Incomplete,www.website.com/profile/Helga_7
Helga_7,English,Trine Haremose,10,2,Incomplete,www.website.com/profile/Helga_7
Hans_8,Math,Steen Brandt,15,1,Incomplete,www.website.com/profile/Hans_8
Hans_8,English,Trine Haremose,10,2,Incomplete,www.website.com/profile/Hans_8
Helga_9,Math,Steen Brandt,15,1,Incomplete,www.website.com/profile/Helga_9
Hans_11,Math,Steen Brandt,15,1,Incomplete,www.website.com/profile/Hans_11
Hans_11,Dansk,Mogens Blisdorf,20,2,Incomplete,www.website.com/profile/Hans_11
Hans_11,English,Trine Haremose,10,2,Incomplete,www.website.com/profile/Hans_11
Peter_12,Dansk,Mogens Blisdorf,20,2,Incomplete,www.website.com/profile/Peter_12
Hans_14,Math,Steen Brandt,15,1,Incomplete,www.website.com/profile/Hans_14
Hans_14,Dansk,Mogens Blisdorf,20,2,Incomplete,www.website.com/profile/Hans_14
Helga_15,Math,Steen Brandt,15,1,Incomplete,www.website.com/profile/Helga_15
Helga_15,English,Trine Haremose,10,2,Incomplete,www.website.com/profile/Helga_15
Hans_16,English,Trine Haremose,10,2,Incomplete,www.website.com/profile/Hans_16
Hans_17,Math,Steen Brandt,15,1,Incomplete,www.website.com/profile/Hans_17
Hans_17,Dansk,Mogens Blisdorf,20,2,Incomplete,www.website.com/profile/Hans_17
Hans_17,English,Trine Haremose,10,2,Incomplete,www.website.com/profile/Hans_17
Hans_19,English,Trine Haremose,10,2,Incomplete,www.website.com/profile/Hans_19
Helga_20,Math,Steen Brandt,15,1,Incomplete,www.website.com/profile/Helga_20
Helga_20,Dansk,Mogens Blisdorf,20,2,Incomplete,www.website.com/profile/Helga_20
Peter_21,Math,Steen Brandt,15,1,Incomplete,www.website.com/profile/Peter_21
Hans_22,Dansk,Mogens Blisdorf,20,2,Incomplete,www.website.com/profile/Hans_22
Hans_22,English,Trine Haremose,10,2,Incomplete,www.website.com/profile/Hans_22
Hans_23,Dansk,Mogens Blisdorf,20,2,Incomplete,www.website.com/profile/Hans_23
Helga_24,Math,Steen Brandt,15,1,Incomplete,www.website.com/profile/Helga_24
Helga_24,Dansk,Mogens Blisdorf,20,2,Incomplete,www.website.com/profile/Helga_24
